,titulo,data,horario,genero_ano,sinopse
0,Fantasma Neon,2025-04-22,06:00,Musical / 2021,João é um entregador de aplicativo que sonha em ter uma moto para conhecer o Brasil.
1,Guard Dog & Bill Plympton no Brasil,2025-04-22,06:23,Children,Um ansioso e neurótico cãozinho se desgarra de seu dono Plympton e parte rumo a pequenas aventuras ao chegar no Brasil.
2,Cantoras Portuguesas,2025-04-22,06:30,Entertainment,"Forte e autêntica, Simone de Oliveira comenta as vitórias da mulher portuguesa e do seu trabalho com Amália Rodrigues. Ela revela também não trocar a voz de cantora pela antiga voz de locutora que já teve."
3,Portugal... Minha Saudade,2025-04-22,06:45,Comedy / 1974 / 5.5,"Os gêmeos Sabino e Agostinho vivem separados um do outro. Sabino mora com o filho casado no Brasil e leva uma vida muito humilde, vendendo frutas nas ruas de São Paulo. Agostinho mora em Lisboa, Portugal. Por causa dos muitos conflitos com a família de seu filho, Sabino é colocado em um asilo. Um dia, seu irmão Agostinho chega, inesperadamente, de Lisboa e fica abismado com o jeito que tratam seu irmão e o leva para Portugal."
4,Guard Dog & Bill Plympton no Brasil,2025-04-22,08:30,Children,Um ansioso e neurótico cãozinho se desgarra de seu dono Plympton e parte rumo a pequenas aventuras ao chegar no Brasil.
5,Cantoras Portuguesas,2025-04-22,08:35,Entertainment,"Forte e autêntica, Simone de Oliveira comenta as vitórias da mulher portuguesa e do seu trabalho com Amália Rodrigues. Ela revela também não trocar a voz de cantora pela antiga voz de locutora que já teve."
6,Guard Dog & Bill Plympton no Brasil,2025-04-22,08:50,Children,Um ansioso e neurótico cãozinho se desgarra de seu dono Plympton e parte rumo a pequenas aventuras ao chegar no Brasil.
7,Caramuru - A Invenção do Brasil,2025-04-22,08:55,Comedy / 2001 / 6.6,"Portugal, século 16. Após ser enganado pela sedutora Isabelle, o jovem Diogo é deportado para o Brasil, mas sua caravela naufraga. Por milagre, ele é salvo pelo cacique Itaparica. Em terras brasileiras, ele passa a ser chamado de Caramuru e vive um harmônico triângulo amoroso com as duas filhas do cacique, Moema e Paraguaçu."
8,Cantoras Portuguesas,2025-04-22,10:25,Entertainment,"Forte e autêntica, Simone de Oliveira comenta as vitórias da mulher portuguesa e do seu trabalho com Amália Rodrigues. Ela revela também não trocar a voz de cantora pela antiga voz de locutora que já teve."
9,"Carlota Joaquina, Princesa do Brazil",2025-04-22,10:45,Comedy drama / 1995,"Uma história satírica do Brasil no século 18, narrando as aventuras de uma mulher sensual que manca e tem um bigode."
10,Guard Dog & Bill Plympton no Brasil,2025-04-22,12:25,Children,Um ansioso e neurótico cãozinho se desgarra de seu dono Plympton e parte rumo a pequenas aventuras ao chegar no Brasil.
11,Bá,2025-04-22,12:30,Drama / 2015,O pequeno Bruno é obrigado a lidar com as mudanças que ocorrem em sua vida quando sua avo? e? trazida para morar em sua casa.
12,Cantoras Portuguesas,2025-04-22,12:45,Entertainment,"Forte e autêntica, Simone de Oliveira comenta as vitórias da mulher portuguesa e do seu trabalho com Amália Rodrigues. Ela revela também não trocar a voz de cantora pela antiga voz de locutora que já teve."
13,Cinejornal,2025-04-22,13:00,Art,"O cinema brasileiro em pauta com as novidades e os bastidores da produção nacional, entrevistas com atores e diretores e a cobertura completa de festivais importantes em todo o país."
14,Esquinas - Pílulas,2025-04-22,13:15,Documentary,Reportagens documentais inspiradas na seção homônima da Revista Piauí. Personagens e eventos peculiares são colhidos pelos quatro cantos do país com uma abordagem inovadora.
15,Cantoras Portuguesas,2025-04-22,13:30,Entertainment,"Forte e autêntica, Simone de Oliveira comenta as vitórias da mulher portuguesa e do seu trabalho com Amália Rodrigues. Ela revela também não trocar a voz de cantora pela antiga voz de locutora que já teve."
16,Guard Dog & Bill Plympton no Brasil,2025-04-22,13:50,Children,Um ansioso e neurótico cãozinho se desgarra de seu dono Plympton e parte rumo a pequenas aventuras ao chegar no Brasil.
17,70 Anos de Edu Lobo,2025-04-22,14:00,Music,"Em estúdio, Edu Lobo recebe seus amigos Joyce, Mauro Senise, Gilson Peranzeta, Carlos Malta e Roberta Sá para versões exclusivas de seu repertório."
18,70 Anos de Edu Lobo,2025-04-22,14:30,Music,"Em estúdio, Edu Lobo recebe seus amigos Joyce, Mauro Senise, Gilson Peranzeta, Carlos Malta e Roberta Sá para versões exclusivas de seu repertório."
19,70 Anos de Edu Lobo,2025-04-22,14:55,Music,"Em estúdio, Edu Lobo recebe seus amigos Joyce, Mauro Senise, Gilson Peranzeta, Carlos Malta e Roberta Sá para versões exclusivas de seu repertório."
20,70 Anos de Edu Lobo,2025-04-22,15:25,Music,"Em estúdio, Edu Lobo recebe seus amigos Joyce, Mauro Senise, Gilson Peranzeta, Carlos Malta e Roberta Sá para versões exclusivas de seu repertório."
21,Cantoras Portuguesas,2025-04-22,15:50,Entertainment,"Forte e autêntica, Simone de Oliveira comenta as vitórias da mulher portuguesa e do seu trabalho com Amália Rodrigues. Ela revela também não trocar a voz de cantora pela antiga voz de locutora que já teve."
22,Guard Dog & Bill Plympton no Brasil,2025-04-22,16:05,Children,Um ansioso e neurótico cãozinho se desgarra de seu dono Plympton e parte rumo a pequenas aventuras ao chegar no Brasil.
23,Remendo,2025-04-22,16:10,Drama / 2023,"Zé é um homem negro de meia-idade que tem uma oficina de eletrodomésticos na periferia e está em busca de amor. Enquanto uma nova inquilina chega ao prédio de sua mãe, ele recorre a divindades para tentar resolver seus problemas amorosos e sua autoestima, enfrentando os traumas invisíveis do colonialismo para encontrar um novo tipo de liberdade."
24,Arte na Capa,2025-04-22,16:35,Music,"Os bastidores da criação, histórias e curiosidades de capas de discos brasileiros clássicas."
25,Fado Tropical,2025-04-22,16:40,Drama / 2019,"Após anos separados, os irmãos brasileiros Isabel e Antonio se reencontram na cidade de Lisboa. Agora, a dupla decide embarcar em uma viagem emocionante pelo país natal de seu pai, que faleceu recentemente."
26,Cantoras Portuguesas,2025-04-22,18:15,Entertainment,"Forte e autêntica, Simone de Oliveira comenta as vitórias da mulher portuguesa e do seu trabalho com Amália Rodrigues. Ela revela também não trocar a voz de cantora pela antiga voz de locutora que já teve."
27,Você,2025-04-22,18:30,Drama / 2024 / 5.4,"Por meio de uma conversa telefônica com a delegada, uma mãe revisita memórias sobre a convivência com o pai de sua filha enquanto elas discorrem sobre as ausências às quais ele foi condicionado."
28,Choque de Cultura,2025-04-22,18:45,Temporada 6 Episódio 7 - Brasil Contra o Resto do Mundo,"Neste embate do século, o cinema brasileiro enfrenta a sétima arte do resto do mundo em clima de mata-mata, cachorro invadindo o campo e apedrejamento de ônibus."
29,Mito e Música - A Mensagem de Fernando Pessoa,2025-04-22,19:00,Documentary / 2018,"O documentário aborda o projeto, que levou 30 anos para ser finalizado, sobre a gravação de 44 músicas criadas para cada poema de Mensagem, um dos livros mais emblemáticos de Fernando Pessoa."
30,Cantoras Portuguesas,2025-04-22,20:35,Entertainment,"Forte e autêntica, Simone de Oliveira comenta as vitórias da mulher portuguesa e do seu trabalho com Amália Rodrigues. Ela revela também não trocar a voz de cantora pela antiga voz de locutora que já teve."
31,A Bela América,2025-04-22,20:50,Comedy / 2023,"O cozinheiro Lucas entra na casa de América, estrela de televisão e candidata presidencial, para seduzi-la com refeições extraordinárias."
32,Cantoras Portuguesas,2025-04-22,22:35,Entertainment,"Forte e autêntica, Simone de Oliveira comenta as vitórias da mulher portuguesa e do seu trabalho com Amália Rodrigues. Ela revela também não trocar a voz de cantora pela antiga voz de locutora que já teve."
33,Greice,2025-04-22,22:55,Comedy drama / 2024,"Greice, uma jovem brasileira de 21 anos, estuda na Universidade de Belas Artes de Lisboa. Ela se envolve com o misterioso Afonso. E depois de uma festa de boas-vindas para os novos estudantes, o casal é acusado de um estranho acidente que ocorreu no evento. Greice precisa retornar a Fortaleza, sua cidade natal, para renovar a autorização de residência. Escondida em um hotel, enquanto evita que a mãe descubra os problemas em que se envolveu, Greice tenta encontrar um lugar de conforto no mundo."
34,Pornolândia,2025-04-22,00:45,Adults only,Márcia Dailyn fala sobre a sua trajetória até se tornar a primeira bailarina transexual do Theatro Municipal de São Paulo e destaca as dificuldades em ser uma artista no Brasil.
35,A Noite das Taras,2025-04-22,01:00,Drama / 1980,Três marinheiros tiram um dia de folga em São Paulo. Um deles tem que entregar uma carta a uma misteriosa mulher; o outro descobre que está sendo seguido por marginais e o terceiro conhece algumas moças prontas para uma maratona mortal de sexo.
36,502,2025-04-22,02:25,Temporada 1 Episódio 27 - Lino,"Lino fala sobre o processo de exposição que está vivendo, a relação ruim com a irmã por conta de sua orientação sexual e o momento em que se afundou nas drogas após a morte dos pais."
37,Exorcismo Negro,2025-04-22,02:40,Horror / 1974,"O cineasta José Mojica Marins decide passar o fim de semana na casa de campo de seu amigo Álvaro para escrever um roteiro. Após sua chegada, a família do amigo começa a agir de maneira estranha e violenta como se estivesse possuída pelo demônio. Para exorcizar o mal, é necessário realizar um ritual em uma câmara de tortura. Mojica entra em um confronto violento e inusitado com o seu próprio personagem, Zé do Caixão."
38,Sobrepostas - Corpo e Desejo,2025-04-22,04:15,Temporada 2 Episódio 7 - Geni Núñez,"A ativista indígena Geni Núñez fala de como a evangelização afetou a sua vida, destaca a busca por relações potáveis e comenta que alguns desvios foram muito saudáveis para o seu crescimento."
39,Vizinhos,2025-04-22,04:30,Temporada 1 Episódio 9 - Fronteira,O sagrado churrasco em família de Rogério é interrompido por um vizinho folgado e sua música alta.
40,Rota de Fuga,2025-04-22,05:00,Thriller / 2016,"Manuela denuncia o marido para a Polícia Federal e entra no programa de proteção a testemunhas. Feito isso, ela abandona tudo e tenta fugir pra Europa antes que ele seja solto."
41,Cinejornal,2025-04-23,06:00,Art,"O cinema brasileiro em pauta com as novidades e os bastidores da produção nacional, entrevistas com atores e diretores e a cobertura completa de festivais importantes em todo o país."
42,Esquinas - Pílulas,2025-04-23,06:15,Documentary,Reportagens documentais inspiradas na seção homônima da Revista Piauí. Personagens e eventos peculiares são colhidos pelos quatro cantos do país com uma abordagem inovadora.
43,4 Bilhões de Infinitos,2025-04-23,06:30,Drama / 2020,"Após a morte do pai, uma família vive com a energia de casa cortada. Enquanto a mãe trabalha, seus filhos ficam em casa e conversam sobre ter esperança."
44,Ainda Restarão Robôs nas Ruas do Interior Profundo,2025-04-23,06:44,Drama / 2022,"Na periferia do interior profundo brasileiro, Luquinha tenta recuperar sua égua enquanto convive com o crime e o barulho ensurdecedor de uma cidade conservadora."
45,Guard Dog & Bill Plympton no Brasil,2025-04-23,07:00,Children,Um ansioso e neurótico cãozinho se desgarra de seu dono Plympton e parte rumo a pequenas aventuras ao chegar no Brasil.
46,Vinicius,2025-04-23,07:05,Documentary / 2005 / 7.9,"Reconstituição da vida e trajetória artística do músico, poeta e diplomata Vinicius de Moraes, com depoimentos de amigos, familiares e colegas, imagens raras de arquivo, inserções de shows variados e trechos de um pocket show em sua homenagem."
47,Ademã - A Vida e as Notas de Ibrahim Sued,2025-04-23,09:10,Documentary / 2022,"Conheça a trajetória de Ibrahim Sued, jornalista que revolucionou a imprensa brasileira durante os quase 50 anos de carreira, por meio de entrevistas, fotos e filmes do arquivo pessoal de sua filha, Isabel Sued Perrin."
48,Guard Dog & Bill Plympton no Brasil,2025-04-23,10:55,Children,Um ansioso e neurótico cãozinho se desgarra de seu dono Plympton e parte rumo a pequenas aventuras ao chegar no Brasil.
49,Cristais de Sangue,2025-04-23,11:00,Drama / 1975,"Rui chega em uma cidadezinha procurando o pai. Antes disso, ele se envolve com uma moça, que tem problemas na família. O padrasto da moça é o chefe de uma quadrilha e não mede esforços para que Rui não encontre seu pai."
50,Guard Dog & Bill Plympton no Brasil,2025-04-23,12:25,Children,Um ansioso e neurótico cãozinho se desgarra de seu dono Plympton e parte rumo a pequenas aventuras ao chegar no Brasil.
51,Partido Alto,2025-04-23,12:30,Documentary / 1982,"Com raízes na batucada baiana, o Partido Alto é uma forma de comunhão, reunindo sambistas em qualquer lugar e hora, pelo simples prazer de se divertir."
52,Lô Borges - Toda Essa Água,2025-04-23,13:00,Documentary / 2024,"Lô Borges trabalha em um disco de músicas inéditas enquanto circula pelo Brasil com a turnê que resgata o repertório que compôs em 1972 para o Clube da Esquina. Entre o garoto de 20 anos e o experiente músico que acaba de ultrapassar os 70, ele revela uma trajetória de brilhos, medos, sonhos e o eterno desejo pela estrada e pela aventura da composição."
53,"Raoni, uma Amizade Improvável",2025-04-23,14:30,Documentary / 2023,"Homenagem à luta do cacique Raoni, no Brasil e no mundo, pela preservação dos territórios indígenas, de sua cultura e da Amazônia."
54,Entre a Colônia e as Estrelas,2025-04-23,16:00,Drama / 2022,"Estelar trabalha em um hospital psiquiátrico e tem visões do passado. Entre divergências políticas e identitárias com o irmão, ela nota que é preciso coragem para rever suas posições."
55,Mito e Música - A Mensagem de Fernando Pessoa,2025-04-23,16:55,Documentary / 2018,"O documentário aborda o projeto, que levou 30 anos para ser finalizado, sobre a gravação de 44 músicas criadas para cada poema de Mensagem, um dos livros mais emblemáticos de Fernando Pessoa."
56,Cinejornal,2025-04-23,18:30,Art,"O cinema brasileiro em pauta com as novidades e os bastidores da produção nacional, entrevistas com atores e diretores e a cobertura completa de festivais importantes em todo o país."
57,Esquinas - Pílulas,2025-04-23,18:45,Documentary,Reportagens documentais inspiradas na seção homônima da Revista Piauí. Personagens e eventos peculiares são colhidos pelos quatro cantos do país com uma abordagem inovadora.
58,Favela do Papa,2025-04-23,19:00,Documentary / 2024,"Um capítulo crucial da história do Rio de Janeiro na década de 1970: a resistência dos moradores da Favela do Vidigal contra a ordem de remoção imposta pelo governo. A produção resgata imagens de época e entrevistas que revelam a luta intensa da comunidade, apoiada por diversas entidades e personalidades influentes. Essa resistência se insere em um contexto maior, expondo a política de remoção em grande escala praticada pelos governos estaduais brasileiros na década de 1960."
59,Greice,2025-04-23,20:20,Comedy drama / 2024,"Greice, uma jovem brasileira de 21 anos, estuda na Universidade de Belas Artes de Lisboa. Ela se envolve com o misterioso Afonso. E depois de uma festa de boas-vindas para os novos estudantes, o casal é acusado de um estranho acidente que ocorreu no evento. Greice precisa retornar a Fortaleza, sua cidade natal, para renovar a autorização de residência. Escondida em um hotel, enquanto evita que a mãe descubra os problemas em que se envolveu, Greice tenta encontrar um lugar de conforto no mundo."
60,Amores Possíveis,2025-04-23,22:10,Romantic comedy / 2001,"Carlos e Júlia combinam de ir ao cinema, mas ela acaba não aparecendo. A partir daí, se desenrolam três histórias diferentes sobre os acontecimentos que poderiam vir em seguida, em três versões para um mesmo caso de amor."
61,Guard Dog & Bill Plympton no Brasil,2025-04-23,23:45,Children,Um ansioso e neurótico cãozinho se desgarra de seu dono Plympton e parte rumo a pequenas aventuras ao chegar no Brasil.
62,Espelho de Carne,2025-04-23,23:50,Drama / 1985 / 5.3,"Para presentear sua esposa Helena, o jovem executivo Álvaro compra em leilão um espelho que pertencia a uma casa de encontros amorosos do início do século 20. Porém, o espelho começa a causar estranho fascínio nas pessoas que se veem refletidas nele, induzindo-as ao amor voraz."
63,Guard Dog & Bill Plympton no Brasil,2025-04-23,01:40,Children,Um ansioso e neurótico cãozinho se desgarra de seu dono Plympton e parte rumo a pequenas aventuras ao chegar no Brasil.
64,Amadas e Violentadas,2025-04-23,01:45,Drama / 1976 / 5.3,"Leandro luta para se libertar de um trauma de infância, pois viu o pai cometer suicídio, depois de assassinar a esposa e o amante. Já adulto, ele tenta se curar de um complexo capaz de afastá-lo sexualmente das mulheres."
65,Guard Dog & Bill Plympton no Brasil,2025-04-23,03:25,Children,Um ansioso e neurótico cãozinho se desgarra de seu dono Plympton e parte rumo a pequenas aventuras ao chegar no Brasil.
66,Delírios de um Anormal,2025-04-23,03:30,Horror / 1978,"O psiquiatra Dr. Hamilton tem pesadelos recorrentes com o icônico personagem Zé do Caixão tentando raptar sua esposa Tânia. Desorientados, seus colegas médicos decidem buscar ajuda com o cineasta José Mojica Marins, criador do famoso coveiro. Agora, Mojica precisa convencer Hamilton que seu personagem é apenas uma obra de ficção."
67,Guard Dog & Bill Plympton no Brasil,2025-04-23,04:55,Children,Um ansioso e neurótico cãozinho se desgarra de seu dono Plympton e parte rumo a pequenas aventuras ao chegar no Brasil.
68,Portugal... Minha Saudade,2025-04-23,05:00,Comedy / 1974 / 5.5,"Os gêmeos Sabino e Agostinho vivem separados um do outro. Sabino mora com o filho casado no Brasil e leva uma vida muito humilde, vendendo frutas nas ruas de São Paulo. Agostinho mora em Lisboa, Portugal. Por causa dos muitos conflitos com a família de seu filho, Sabino é colocado em um asilo. Um dia, seu irmão Agostinho chega, inesperadamente, de Lisboa e fica abismado com o jeito que tratam seu irmão e o leva para Portugal."
69,Portugal... Minha Saudade,2025-04-24,05:00,Comedy / 1974 / 5.5,"Os gêmeos Sabino e Agostinho vivem separados um do outro. Sabino mora com o filho casado no Brasil e leva uma vida muito humilde, vendendo frutas nas ruas de São Paulo. Agostinho mora em Lisboa, Portugal. Por causa dos muitos conflitos com a família de seu filho, Sabino é colocado em um asilo. Um dia, seu irmão Agostinho chega, inesperadamente, de Lisboa e fica abismado com o jeito que tratam seu irmão e o leva para Portugal."
70,O Grande Mentecapto,2025-04-24,06:45,Comedy / 1989 / 6.7,Geraldo Viramundo é um sujeito simpático com ideias absurdas. Ele decide abandonar sua pequena cidade em Minas Gerais e ganhar o mundo. Seu objetivo é desestabilizar o sistema e seus cúmplices são as prostitutas e os desvalidos.
71,Brasil na Pista - O Filme,2025-04-24,08:30,Documentary / 2020,"As polêmicas e conquistas dos brasileiros na Fórmula 1. Histórias desconhecidas que revelam superação, escândalos, golpes contratuais e situações dramáticas protagonizadas por Emerson Fittipaldi, Nelson Piquet, Ayrton Senna e Rubens Barrichello."
72,Esquinas - Pílulas,2025-04-24,10:45,Documentary,Reportagens documentais inspiradas na seção homônima da Revista Piauí. Personagens e eventos peculiares são colhidos pelos quatro cantos do país com uma abordagem inovadora.
73,Guard Dog & Bill Plympton no Brasil,2025-04-24,11:00,Children,Um ansioso e neurótico cãozinho se desgarra de seu dono Plympton e parte rumo a pequenas aventuras ao chegar no Brasil.
74,Quatro Dias com Eduardo,2025-04-24,11:10,Documentary / 2023,"São Paulo, eleições municipais de 2016. O documentário acompanha o último final de semana de campanha do ex-senador Eduardo Suplicy, então candidato a vereador."
75,Ouro para o Bem do Brasil,2025-04-24,12:30,Documentary / 2020,"Após o golpe militar, o empresário Assis Chateaubriand cria a campanha ""Ouro para o bem do Brasil"", por meio da qual convidava a população brasileira a ajudar a acabar com a dívida externa do país."
76,Egos,2025-04-24,12:48,2023,"Com um ator que não consegue atuar e uma equipe insatisfeita, um diretor de cinema tenta criar uma cena emocionante para seu filme, mas os egos envolvidos apresentam verdadeiros obstáculos."
77,Cinejornal,2025-04-24,13:00,Art,"O cinema brasileiro em pauta com as novidades e os bastidores da produção nacional, entrevistas com atores e diretores e a cobertura completa de festivais importantes em todo o país."
78,Esquinas - Pílulas,2025-04-24,13:15,Documentary,Reportagens documentais inspiradas na seção homônima da Revista Piauí. Personagens e eventos peculiares são colhidos pelos quatro cantos do país com uma abordagem inovadora.
79,O Amuleto de Ogum,2025-04-24,13:30,Drama / 1974 / 7.0,"No sertão, Maria leva seu filho Gabriel a um centro de umbanda, a fim de buscar proteção. O rapaz ganha um amuleto, capaz de gerar grande cobiça."
80,Guard Dog & Bill Plympton no Brasil,2025-04-24,15:25,Children,Um ansioso e neurótico cãozinho se desgarra de seu dono Plympton e parte rumo a pequenas aventuras ao chegar no Brasil.
81,Inabitável,2025-04-24,15:30,Drama / 2020 / 4.0,"Marilene procura por sua filha Roberta, uma mulher trans que esta desaparecida. Enquanto corre contra o tempo, ela descobre uma esperança para o futuro."
82,Histórias em Quadrinhos,2025-04-24,15:50,Documentary / 1969,"Primeiro documentário em curta-metragem de Sganzerla. Guiada pelo texto do especialista Álvaro de Moya, a câmera passeia pelos traços de artistas como Will Eisner, Milton Cannif, Alex Raymond, Al Capp etc."
83,Guard Dog & Bill Plympton no Brasil,2025-04-24,16:00,Children,Um ansioso e neurótico cãozinho se desgarra de seu dono Plympton e parte rumo a pequenas aventuras ao chegar no Brasil.
84,Bandeira de Retalhos,2025-04-24,16:10,Drama / 2018 / 5.7,"Em 1977, no Morro do Vidigal, Rio de Janeiro, os moradores da comunidade são surpreendidos pela ordem arbitrária da prefeitura de desapropriar os barracos do local, alegando risco de deslizamento. A real intenção, porém, é outra."
85,Favela do Papa,2025-04-24,17:40,Documentary / 2024,"Um capítulo crucial da história do Rio de Janeiro na década de 1970: a resistência dos moradores da Favela do Vidigal contra a ordem de remoção imposta pelo governo. A produção resgata imagens de época e entrevistas que revelam a luta intensa da comunidade, apoiada por diversas entidades e personalidades influentes. Essa resistência se insere em um contexto maior, expondo a política de remoção em grande escala praticada pelos governos estaduais brasileiros na década de 1960."
86,Maputo Nakuzandza,2025-04-24,19:00,Drama / 2022,"Na capital de Moçambique, jovens saem de uma festa e nos quintais senhoras iniciam o dia. Um homem corre, um turista passeia, um trabalhador apanha o transporte e a rádio Maputo Nakuzandza anuncia o desaparecimento de uma noiva."
87,Livre Pensar - Cinebiografia da Maria da Conceição Tavares,2025-04-24,20:15,Special,"Conceição Tavares é uma das vozes mais contundentes, críticas e originais do pensamento econômico brasileiro. Conheça a sua vida e obra pela lente de José Mariani."
88,Amarelo Manga,2025-04-24,21:35,Drama / 2002,"Na cidade de Recife, pessoas mergulham em um universo feito de armadilhas e vinganças, de desejos irrealizáveis e da busca incessante da felicidade: um açougueiro que mantém uma amante apesar de louvar sua mulher evangélica; a fascinação de um necrófilo pela dona de um bar; e um homossexual que sonha em conquistar o açougueiro."
89,Guard Dog & Bill Plympton no Brasil,2025-04-24,23:15,Children,Um ansioso e neurótico cãozinho se desgarra de seu dono Plympton e parte rumo a pequenas aventuras ao chegar no Brasil.
90,Ninguém Sai Vivo Daqui,2025-04-24,23:20,Drama / 2024,"Elisa é internada à força pelo pai no hospital psiquiátrico Colônia. Ela se torna prisioneira da clínica por um motivo fútil e é medicada contra a sua vontade. Sedada e vítima da violência enlouquecedora do lugar, Elisa pensa em formas de escapar."
91,Delírios de um Anormal,2025-04-24,00:50,Horror / 1978,"O psiquiatra Dr. Hamilton tem pesadelos recorrentes com o icônico personagem Zé do Caixão tentando raptar sua esposa Tânia. Desorientados, seus colegas médicos decidem buscar ajuda com o cineasta José Mojica Marins, criador do famoso coveiro. Agora, Mojica precisa convencer Hamilton que seu personagem é apenas uma obra de ficção."
92,Guard Dog & Bill Plympton no Brasil,2025-04-24,02:15,Children,Um ansioso e neurótico cãozinho se desgarra de seu dono Plympton e parte rumo a pequenas aventuras ao chegar no Brasil.
93,Espelho de Carne,2025-04-24,02:20,Drama / 1985 / 5.3,"Para presentear sua esposa Helena, o jovem executivo Álvaro compra em leilão um espelho que pertencia a uma casa de encontros amorosos do início do século 20. Porém, o espelho começa a causar estranho fascínio nas pessoas que se veem refletidas nele, induzindo-as ao amor voraz."
94,Pornolândia,2025-04-24,04:10,Adults only,Márcia Dailyn fala sobre a sua trajetória até se tornar a primeira bailarina transexual do Theatro Municipal de São Paulo e destaca as dificuldades em ser uma artista no Brasil.
95,A Mulher do Meu Marido,2025-04-24,04:25,Comedy / 2019,"Depois de alguns anos de casamento com Pedro, Joana descobre que está sendo traída, mas decide fingir que não sabe de nada para continuar a relação de maneira tranquila. Mas depois de descobrir que o caso extraconjugal de Pedro é com Pilar, ela começa a se relacionar com o marido da amante secreta."
96,Cinejornal,2025-04-25,06:00,Art,"O cinema brasileiro em pauta com as novidades e os bastidores da produção nacional, entrevistas com atores e diretores e a cobertura completa de festivais importantes em todo o país."
97,Esquinas - Pílulas,2025-04-25,06:15,Documentary,Reportagens documentais inspiradas na seção homônima da Revista Piauí. Personagens e eventos peculiares são colhidos pelos quatro cantos do país com uma abordagem inovadora.
98,Os Paqueras,2025-04-25,06:30,Comedy / 1969,"Sombra e água fresca dão a tônica do cotidiano de Nonô. Aos 25 anos, o rapaz não leva os estudos a sério e só quer ir à praia e paquerar. Mas, quando menos espera, ele conhece a jovem Margareth, filha de seu parceiro na arte da sedução. A paixão pela moça vira a rotina do rapaz de cabeça para baixo."
99,Guard Dog & Bill Plympton no Brasil,2025-04-25,08:05,Children,Um ansioso e neurótico cãozinho se desgarra de seu dono Plympton e parte rumo a pequenas aventuras ao chegar no Brasil.
100,Alceu - Na Embolada do Tempo,2025-04-25,08:10,Special,"Um panorama da carreira do artista Alceu Valença, por meio de performances ao vivo, comentadas pelo próprio e por terceiros, contextualizando sua obra singular na história cultural recente do Brasil."
101,Mutum,2025-04-25,09:40,Drama / 2007 / 7.1,"Na companhia do irmão, Thiago precisa enfrentar as lições de vida, violência e maturidade. Sua infância é lentamente deixada para trás, vivendo na mata escura e assustadora, mas também repleta de cumplicidade e brincadeiras."
102,Filhos de João - O Admirável Mundo Novo Baiano,2025-04-25,11:10,Documentary / 2009 / 7.6,"A trajetória dos Novos Baianos, grupo encabeçado por Pepeu Gomes, Baby do Brasil, Moraes Moreira, Luiz Galvão e Paulinho Boca de Cantor. Nos anos 1970, a banda ganhou um padrinho famoso e influente: João Gilberto."
103,Guard Dog & Bill Plympton no Brasil,2025-04-25,12:25,Children,Um ansioso e neurótico cãozinho se desgarra de seu dono Plympton e parte rumo a pequenas aventuras ao chegar no Brasil.
104,Vãnh Gõ Tõ Laklãnõ,2025-04-25,12:30,Documentary / 2022,"O povo Laklãnõ era um povo arredio, bravo, que vivia no sul do Brasil. Perseguido pelo Estado, por bugreiros e colonizadores, dizimado por doenças e mudanças no seu modo de vida, foi praticamente extinto. O povo ficou restrito a uma reserva no Alto Vale do Itajaí. A arqueóloga Walderes Coctá Priprá mostra a resistência e reconstrói a história do povo, retratando o passado, a retomada da língua, o impacto da construção da Barragem Norte, a presença das igrejas evangélicas e o Marco Temporal."
105,Angeli - The Killer,2025-04-25,13:00,Temporada 2 Episódio 18 - Mucho Amigos,"Angeli revela acreditar nos encontros e que, a partir deles, a amizade profunda pode ser construída."
106,"Raoni, uma Amizade Improvável",2025-04-25,13:15,Documentary / 2023,"Homenagem à luta do cacique Raoni, no Brasil e no mundo, pela preservação dos territórios indígenas, de sua cultura e da Amazônia."
107,Favela do Papa,2025-04-25,14:45,Documentary / 2024,"Um capítulo crucial da história do Rio de Janeiro na década de 1970: a resistência dos moradores da Favela do Vidigal contra a ordem de remoção imposta pelo governo. A produção resgata imagens de época e entrevistas que revelam a luta intensa da comunidade, apoiada por diversas entidades e personalidades influentes. Essa resistência se insere em um contexto maior, expondo a política de remoção em grande escala praticada pelos governos estaduais brasileiros na década de 1960."
108,Guard Dog & Bill Plympton no Brasil,2025-04-25,16:05,Children,Um ansioso e neurótico cãozinho se desgarra de seu dono Plympton e parte rumo a pequenas aventuras ao chegar no Brasil.
109,Chacrinha - Eu Vim para Confundir e Não para Explicar,2025-04-25,16:10,Documentary / 2021,"O legado de Chacrinha na TV e trechos de sua vida pessoal são revelados por meio de depoimentos e imagens de arquivo, que contam a história por trás das câmeras, os bastidores que consolidaram uma nova forma de comunicar o Brasil e as facetas de um homem que é dos personagens contemporâneos mais interessantes do cenário cultural nacional."
110,Guard Dog & Bill Plympton no Brasil,2025-04-25,17:40,Children,Um ansioso e neurótico cãozinho se desgarra de seu dono Plympton e parte rumo a pequenas aventuras ao chegar no Brasil.
111,Maputo Nakuzandza,2025-04-25,17:45,Drama / 2022,"Na capital de Moçambique, jovens saem de uma festa e nos quintais senhoras iniciam o dia. Um homem corre, um turista passeia, um trabalhador apanha o transporte e a rádio Maputo Nakuzandza anuncia o desaparecimento de uma noiva."
112,"Carlota Joaquina, Princesa do Brazil",2025-04-25,19:00,Comedy drama / 1995,"Uma história satírica do Brasil no século 18, narrando as aventuras de uma mulher sensual que manca e tem um bigode."
113,Guard Dog & Bill Plympton no Brasil,2025-04-25,20:40,Children,Um ansioso e neurótico cãozinho se desgarra de seu dono Plympton e parte rumo a pequenas aventuras ao chegar no Brasil.
114,Lavoura Arcaica,2025-04-25,20:45,Drama / 2001,"Na década de 1940, Pedro é incumbido por sua mãe de trazer André, seu irmão mais novo, de volta para casa. No entanto, o rapaz ainda tem duras lembranças dos motivos que o levaram a sair de casa: o pai rígido e repressor, a mãe que sufoca com sua ternura e a inveja de Pedro. A ausência prolongada de André também tem relação com sua irmã, Ana. O vínculo entre ambos não se limitou ao sentimento de afeto comum entre irmãos: André abalou os alicerces familiares ao se apaixonar pela própria irmã."
115,Guard Dog & Bill Plympton no Brasil,2025-04-25,23:35,Children,Um ansioso e neurótico cãozinho se desgarra de seu dono Plympton e parte rumo a pequenas aventuras ao chegar no Brasil.
116,Amarelo Manga,2025-04-25,23:40,Drama / 2002,"Na cidade de Recife, pessoas mergulham em um universo feito de armadilhas e vinganças, de desejos irrealizáveis e da busca incessante da felicidade: um açougueiro que mantém uma amante apesar de louvar sua mulher evangélica; a fascinação de um necrófilo pela dona de um bar; e um homossexual que sonha em conquistar o açougueiro."
117,Guard Dog & Bill Plympton no Brasil,2025-04-25,01:20,Children,Um ansioso e neurótico cãozinho se desgarra de seu dono Plympton e parte rumo a pequenas aventuras ao chegar no Brasil.
118,A Freira e a Tortura,2025-04-25,01:25,Drama / 1983,"O delegado de polícia Rui é um homem casado e de bons princípios. Ele é encarregado de investigar o caso da professora Joana, acusada de crimes políticos. Porém ele logo se surpreende ao saber que ela é uma freira, mas isso não o impede de torturá-la e ser atraído sexualmente por ela."
119,Guard Dog & Bill Plympton no Brasil,2025-04-25,02:55,Children,Um ansioso e neurótico cãozinho se desgarra de seu dono Plympton e parte rumo a pequenas aventuras ao chegar no Brasil.
120,"Bar Esperança, o Último que Fecha",2025-04-25,03:00,Comedy / 1983,"As frustrações, amarguras e alegrias de artistas, intelectuais, boêmios e anônimos nas mesas do Bar Esperança no bairro de Ipanema, Rio de Janeiro. Ana vive com o marido Zeca um casamento cheio de altos e baixos. Atriz e mãe de dois filhos, ela trabalha na televisão: é a personagem mais odiada de uma novela de sucesso. Zeca, escritor e autor de teatro e TV, está cansado do emprego, entra em uma crise existencial e passa por transformações radicais."
121,Guard Dog & Bill Plympton no Brasil,2025-04-25,05:00,Children,Um ansioso e neurótico cãozinho se desgarra de seu dono Plympton e parte rumo a pequenas aventuras ao chegar no Brasil.
122,Rumo,2025-04-25,05:05,Documentary / 2021,"Combinando entrevistas, animações e imagens de arquivo, o filme resgata a trajetória do grupo Rumo, considerado um dos principais nomes da chamada Vanguarda Paulista surgida nos anos 1980."
123,Rumo,2025-04-26,05:05,Documentary / 2021,"Combinando entrevistas, animações e imagens de arquivo, o filme resgata a trajetória do grupo Rumo, considerado um dos principais nomes da chamada Vanguarda Paulista surgida nos anos 1980."
124,Mundialito,2025-04-26,06:25,Documentary / 2010,"O documentário investiga as relações entre poder e esporte na concepção da Copa de Ouro, realizada no Uruguai em 1980. A competição reuniu os campeões mundiais de futebol até então."
125,Mussum - Um Filme do Cacildis,2025-04-26,07:40,Documentary / 2019,"A trajetória do músico e comediante Mussum como vocalista do conjunto Os Originais do Samba e depois no cinema e na TV como integrante dos Trapalhões, grupo que revolucionou a forma de fazer humor na teledramaturgia brasileira."
126,Os Paqueras,2025-04-26,08:55,Comedy / 1969,"Sombra e água fresca dão a tônica do cotidiano de Nonô. Aos 25 anos, o rapaz não leva os estudos a sério e só quer ir à praia e paquerar. Mas, quando menos espera, ele conhece a jovem Margareth, filha de seu parceiro na arte da sedução. A paixão pela moça vira a rotina do rapaz de cabeça para baixo."
127,Guard Dog & Bill Plympton no Brasil,2025-04-26,10:30,Children,Um ansioso e neurótico cãozinho se desgarra de seu dono Plympton e parte rumo a pequenas aventuras ao chegar no Brasil.
128,Edifício Master,2025-04-26,10:35,Documentary / 2002 / 8.3,"O filme registra o cotidiano dos moradores do Edifício Master, em Copacabana, e apresenta um rico painel de histórias. Com 276 apartamentos e 12 andares, o local serve de moradia aos entrevistados, que revelam dramas, solidões, desejos e vaidades."
129,Nossos Passos Seguirão os Seus,2025-04-26,12:30,Documentary / 2023,"Apagado da história oficial do movimento operário brasileiro, Domingos Passos, um aguerrido militante anarquista, sai das sombras em direção à eternidade."
130,Sideral,2025-04-26,12:44,Drama / 2021,"Em Natal, Rio Grande do Norte, o primeiro lançamento de um foguete brasileiro está prestes a acontecer. Um casal mora com os dois filhos perto do centro espacial. Ele é mecânico, enquanto ela é faxineira. Porém, a mulher sonha com outros horizontes."
131,Vizinhos,2025-04-26,13:00,Temporada 1 Episódio 10 - Os Outros,"A chegada de uma família de hippies em um condomínio de luxo transforma a rotina da vizinhança. Incomodados com a situação, os antigos habitantes do prédio não poupam esforços para expulsá-los do local."
132,Maputo Nakuzandza,2025-04-26,13:30,Drama / 2022,"Na capital de Moçambique, jovens saem de uma festa e nos quintais senhoras iniciam o dia. Um homem corre, um turista passeia, um trabalhador apanha o transporte e a rádio Maputo Nakuzandza anuncia o desaparecimento de uma noiva."
133,Choque de Cultura,2025-04-26,14:45,Temporada 6 Episódio 11 - Prêmio Meu Gurgel de Bronze 2023,"Os grandes nomes do transporte alternativo premiam os maiores destaques da sétima arte nacional em categorias como: ""Melhor Cineasta Bilionário Brasileiro"" e ""Melhor Novela""."
134,Angeli - The Killer,2025-04-26,15:00,Temporada 2 Episódio 23 - Escola e os Cabeças de Nabo,Angeli aprofunda algumas questões relacionadas à vida sexual e relembra o temor do desconhecido com o surgimento da Aids.
135,Guard Dog & Bill Plympton no Brasil,2025-04-26,15:15,Children,Um ansioso e neurótico cãozinho se desgarra de seu dono Plympton e parte rumo a pequenas aventuras ao chegar no Brasil.
136,Zé,2025-04-26,15:20,Drama / 2024,"Zé é um dos líderes do movimento estudantil contrário à ditadura civil-militar brasileira. Dirigente da Ação Popular Marxista-Leninista, ele é um jovem idealista repleto de sonhos que precisa continuar sua luta na clandestinidade. Em sua árdua jornada, Zé enfrenta uma vida de privações, fugas e poucos recursos."
137,Guard Dog & Bill Plympton no Brasil,2025-04-26,17:25,Children,Um ansioso e neurótico cãozinho se desgarra de seu dono Plympton e parte rumo a pequenas aventuras ao chegar no Brasil.
138,Maria - Ninguém Sabe Quem Sou Eu,2025-04-26,17:30,Documentary / 2022,"Em um depoimento inédito e exclusivo gravado no teatro do Hotel Copacabana Palace entrecortado por imagens de arquivo, a cantora Maria Bethânia, que completou 55 anos de carreira em 2020, faz um passeio por sua trajetória."
139,Amores Possíveis,2025-04-26,19:15,Romantic comedy / 2001,"Carlos e Júlia combinam de ir ao cinema, mas ela acaba não aparecendo. A partir daí, se desenrolam três histórias diferentes sobre os acontecimentos que poderiam vir em seguida, em três versões para um mesmo caso de amor."
140,Guard Dog & Bill Plympton no Brasil,2025-04-26,20:55,Children,Um ansioso e neurótico cãozinho se desgarra de seu dono Plympton e parte rumo a pequenas aventuras ao chegar no Brasil.
141,Lama dos Dias,2025-04-26,21:00,Temporada 2 Episódio 8 - Contatos Imediatos,A série resgata o início do movimento manguebeat e remonta a cena cultural de Recife dos anos 1990.
142,Lama dos Dias,2025-04-26,21:36,Temporada 2 Episódio 9 - Gramática das Turbulências,André tem ciúmes de Olivia após o seu envolvimento com os membros da banda Kara Feya e sua vontade de continuar no Recife; Saudade é convencida a dar uma chance para a amizade com Farmácia.
143,Lama dos Dias,2025-04-26,22:12,Temporada 2 Episódio 10 - Mergulho nas Ondas,Olivia participa de um show da banda Kara Feya; Farmácia está decidido a fazer um filme após suas frustrações artísticas; Domingos garante a saideira no aniversário de Nego Queen.
144,Lama dos Dias,2025-04-26,22:47,Temporada 2 Episódio 11 - Herança Crítica,Farmácia precisa fazer uma visita inesperada para a sua família após uma ligação do pai; Saudade o acompanha e se surpreende com o que encontra.
145,Lama dos Dias,2025-04-26,23:21,Temporada 2 Episódio 12 - Um Lance de Dados,"EZK se esforça para produzir um festival musical, mas a possível não vinda de Boyzinha o atormenta; Farmácia busca a ajuda dos amigos para realizar o seu filme; Adriana tem problemas no trabalho."
146,Lama dos Dias,2025-04-26,23:57,Temporada 2 Episódio 13 - Acerto das Contas,Lule e Bill retornam da França para levar o projeto do filme de Farmácia à frente; o ex-casal vive uma relação conturbada após o término; acontece o festival Música de Bordo.
147,Lama dos Dias,2025-04-26,00:32,Temporada 2 Episódio 14 - Ouroboros,"O processo de gravação do filme de Farmácia passa por alguns percalços, entre discussões, atrasos, esquecimentos e acidentes no set."
148,"Bar Esperança, o Último que Fecha",2025-04-26,01:10,Comedy / 1983,"As frustrações, amarguras e alegrias de artistas, intelectuais, boêmios e anônimos nas mesas do Bar Esperança no bairro de Ipanema, Rio de Janeiro. Ana vive com o marido Zeca um casamento cheio de altos e baixos. Atriz e mãe de dois filhos, ela trabalha na televisão: é a personagem mais odiada de uma novela de sucesso. Zeca, escritor e autor de teatro e TV, está cansado do emprego, entra em uma crise existencial e passa por transformações radicais."
149,Guard Dog & Bill Plympton no Brasil,2025-04-26,03:10,Children,Um ansioso e neurótico cãozinho se desgarra de seu dono Plympton e parte rumo a pequenas aventuras ao chegar no Brasil.
150,A Suprema Felicidade,2025-04-26,03:15,Drama / 2010 / 5.0,"Adolescente precisa lidar com as frustrações do pai e se aproxima do avô, que o inicia na vida noturna. Logo, ele se apaixona por uma jovem misteriosa, mas o caso não dá certo. A reaproximação com o pai acontece em uma das visitas ao cabaré Eldorado."
151,Guard Dog & Bill Plympton no Brasil,2025-04-26,05:20,Children,Um ansioso e neurótico cãozinho se desgarra de seu dono Plympton e parte rumo a pequenas aventuras ao chegar no Brasil.
152,Choque de Cultura,2025-04-26,05:30,Temporada 6 Episódio 12 - Lixo 1,"Devido ao incidente com o ator Murilo Benício, veja uma coletânea de trechos inéditos da temporada."
153,Um Copo de Veneno,2025-04-26,05:45,Art,A cartunista Laerte Coutinho aborda questões como reconhecimento artístico e efemeridade do sucesso.
154,As Marias,2025-04-27,06:00,Documentary / 2023,"As trigêmeas rompem a barreira do silêncio e da invisibilidade e narram passagens comoventes de suas vidas na pequena cidade de Guia Lopes da Laguna, região próxima da fronteira com o Paraguai, onde foram criadas para obedecerem."
155,Eu Nunca Contei a Ninguém,2025-04-27,06:17,Children / 2022,"Luca, de 5 anos, é levado às pressas ao hospital para se despedir do avô no leito de morte. Durante a viagem, o garoto se questiona sobre como adultos sempre escondem coisas das crianças, já que seu avô sempre lhe dizia a verdade. No hospital o menino lhe pergunta sobre a morte e para onde todos vão depois dessa vida. Ali, pela primeira e última vez, seu avô lhe conta a mais triste e bela de todas as mentiras."
156,Fantasma Neon,2025-04-27,06:28,Musical / 2021,João é um entregador de aplicativo que sonha em ter uma moto para conhecer o Brasil.
157,Bá,2025-04-27,06:48,Drama / 2015,O pequeno Bruno é obrigado a lidar com as mudanças que ocorrem em sua vida quando sua avo? e? trazida para morar em sua casa.
158,Remendo,2025-04-27,07:02,Drama / 2023,"Zé é um homem negro de meia-idade que tem uma oficina de eletrodomésticos na periferia e está em busca de amor. Enquanto uma nova inquilina chega ao prédio de sua mãe, ele recorre a divindades para tentar resolver seus problemas amorosos e sua autoestima, enfrentando os traumas invisíveis do colonialismo para encontrar um novo tipo de liberdade."
159,4 Bilhões de Infinitos,2025-04-27,07:23,Drama / 2020,"Após a morte do pai, uma família vive com a energia de casa cortada. Enquanto a mãe trabalha, seus filhos ficam em casa e conversam sobre ter esperança."
160,Ainda Restarão Robôs nas Ruas do Interior Profundo,2025-04-27,07:37,Drama / 2022,"Na periferia do interior profundo brasileiro, Luquinha tenta recuperar sua égua enquanto convive com o crime e o barulho ensurdecedor de uma cidade conservadora."
161,Partido Alto,2025-04-27,07:52,Documentary / 1982,"Com raízes na batucada baiana, o Partido Alto é uma forma de comunhão, reunindo sambistas em qualquer lugar e hora, pelo simples prazer de se divertir."
162,Ouro para o Bem do Brasil,2025-04-27,08:14,Documentary / 2020,"Após o golpe militar, o empresário Assis Chateaubriand cria a campanha ""Ouro para o bem do Brasil"", por meio da qual convidava a população brasileira a ajudar a acabar com a dívida externa do país."
163,Egos,2025-04-27,08:32,2023,"Com um ator que não consegue atuar e uma equipe insatisfeita, um diretor de cinema tenta criar uma cena emocionante para seu filme, mas os egos envolvidos apresentam verdadeiros obstáculos."
164,Inabitável,2025-04-27,08:42,Drama / 2020 / 4.0,"Marilene procura por sua filha Roberta, uma mulher trans que esta desaparecida. Enquanto corre contra o tempo, ela descobre uma esperança para o futuro."
165,Cinejornal,2025-04-27,09:00,Art,"O cinema brasileiro em pauta com as novidades e os bastidores da produção nacional, entrevistas com atores e diretores e a cobertura completa de festivais importantes em todo o país."
166,Cinejornal,2025-04-27,09:15,Art,"O cinema brasileiro em pauta com as novidades e os bastidores da produção nacional, entrevistas com atores e diretores e a cobertura completa de festivais importantes em todo o país."
167,Maputo Nakuzandza,2025-04-27,09:30,Drama / 2022,"Na capital de Moçambique, jovens saem de uma festa e nos quintais senhoras iniciam o dia. Um homem corre, um turista passeia, um trabalhador apanha o transporte e a rádio Maputo Nakuzandza anuncia o desaparecimento de uma noiva."
168,Gonzaga - De Pai pra Filho,2025-04-27,10:45,Biography / 2012 / 7.3,"A biografia de Luiz Gonzaga, o Rei do Baião. Desde a sua origem no sertão do Nordeste, passando pelo seu estrelato, até a complicada relação com seu filho Gonzaguinha, o filme busca contar a trajetória de vida de uma lenda da música brasileira."
169,Guard Dog & Bill Plympton no Brasil,2025-04-27,12:50,Children,Um ansioso e neurótico cãozinho se desgarra de seu dono Plympton e parte rumo a pequenas aventuras ao chegar no Brasil.
170,Carmen Miranda: Bananas Is My Business,2025-04-27,12:55,Documentary / 1995 / 7.8,"O filme explora a vida de Carmem Miranda. Depois de conquistar fama no Rio de Janeiro, a Pequena Notável é importada pela Broadway no final da década de 1930. Apesar de sua estrela continuar a brilhar, a cantora também vira tema de controvérsia."
171,Guard Dog & Bill Plympton no Brasil,2025-04-27,14:25,Children,Um ansioso e neurótico cãozinho se desgarra de seu dono Plympton e parte rumo a pequenas aventuras ao chegar no Brasil.
172,Cinejornal,2025-04-27,14:30,Art,"O cinema brasileiro em pauta com as novidades e os bastidores da produção nacional, entrevistas com atores e diretores e a cobertura completa de festivais importantes em todo o país."
173,Premios Platino del Cine Iberoamericano 2019,2025-04-27,14:45,Special,"Transmissão da edição de 2019 dos ""Premios Platino del Cine Iberoamericano""."
174,Guard Dog & Bill Plympton no Brasil,2025-04-27,17:50,Children,Um ansioso e neurótico cãozinho se desgarra de seu dono Plympton e parte rumo a pequenas aventuras ao chegar no Brasil.
175,Malu,2025-04-27,18:00,Drama / 2024 / 7.4,Malu é uma atriz desempregada que vive das memórias de seu passado glorioso e divide uma casa em uma favela do Rio de Janeiro com sua mãe conservadora. Ela também tem um relacionamento conturbado com sua filha.
176,Bizarros Peixes das Fossas Abissais,2025-04-27,19:45,Fantasy / 2023,"Uma mulher com esdrúxulos superpoderes, uma tartaruga com transtorno obsessivo-compulsivo e uma nuvem com incontinência pluviométrica participam de uma insólita jornada até as profundezas do oceano."
177,"Raoni, uma Amizade Improvável",2025-04-27,21:00,Documentary / 2023,"Homenagem à luta do cacique Raoni, no Brasil e no mundo, pela preservação dos territórios indígenas, de sua cultura e da Amazônia."
178,Neville D'Almeida - Cronista da Beleza e do Caos,2025-04-27,22:30,Documentary / 2019 / 8.2,"Por meio de entrevistas, imagens raras de arquivo e um vasto material iconográfico, conheça a vida e o trabalho do cineasta Neville D'Almeida, desde o Cinema Marginal até o presente. Responsável por grandes sucessos como ""A Dama da Lotação"" e ""As Sete Gatinhas"" e premiado em inúmeros festivais, Neville ainda assim teve muitos problemas com a censura durante o regime militar e também com o que ele chama de ""ditadura dos editais""."
179,A Suprema Felicidade,2025-04-27,00:20,Drama / 2010 / 5.0,"Adolescente precisa lidar com as frustrações do pai e se aproxima do avô, que o inicia na vida noturna. Logo, ele se apaixona por uma jovem misteriosa, mas o caso não dá certo. A reaproximação com o pai acontece em uma das visitas ao cabaré Eldorado."
180,Guard Dog & Bill Plympton no Brasil,2025-04-27,02:25,Children,Um ansioso e neurótico cãozinho se desgarra de seu dono Plympton e parte rumo a pequenas aventuras ao chegar no Brasil.
181,Tentação na Cama,2025-04-27,02:30,Erotic / 1984 / 5.2,"Roberto Ramos é um empresário bem sucedido, mas solitário. Sua ex-mulher, Julia, e Fernando querem uma chave que Roberto possui para abrir um cofre, no qual está uma agenda com informações comprometedoras, escrituras de propriedades e dólares. A dupla faz de tudo para conseguir a informação de onde o objeto está escondido, o que envolve mortes, prostitutas e até um sequestro."
182,Guard Dog & Bill Plympton no Brasil,2025-04-27,03:55,Children,Um ansioso e neurótico cãozinho se desgarra de seu dono Plympton e parte rumo a pequenas aventuras ao chegar no Brasil.
183,Vizinhos,2025-04-27,04:00,Temporada 1 Episódio 10 - Os Outros,"A chegada de uma família de hippies em um condomínio de luxo transforma a rotina da vizinhança. Incomodados com a situação, os antigos habitantes do prédio não poupam esforços para expulsá-los do local."
184,Bonde,2025-04-27,04:30,Drama / 2019,Três jovens negros da favela de Heliópolis saem em busca de refúgio na vida noturna LGBT+ do centro da cidade de São Paulo.
185,Os Mutantes,2025-04-27,04:49,Drama / 1970,"Uma brincadeira mutante improvisada por Arnaldo Batista, Sérgio Dias e Rita Lee, Os Mutantes, em um dia único pelas ruas de São Paulo."
186,Jards,2025-04-27,05:00,Documentary / 2013,"A vida e a obra do cantor, músico e ator Jards Macalé é celebrada neste documentário. O artista carioca cresceu rodeado de música, estudou compositores eruditos, mas sempre representou a música popular brasileira. Conheça também o processo criativo do último álbum do autor de canções como ""Vapor Barato"", ""Gotham City"" e ""Movimento dos Barcos"" e sua destreza com diversos instrumentos musicais."
